{
    "rmse": 580.8839617447919,
    "mae": 295.77033206310773,
    "r2": 0.9792089422979404
}